Target,Method,Coefficient,Std_Error,P_value,CI_Lower,CI_Upper,CF_SD
ln_MIVA,DML (Lasso),0.106915909,0.050599606,0.034602557,0.007740682,0.206091136,0.011090866
ln_MIVA,DML (Ridge),0.11515794,0.051626944,0.025709076,0.013969131,0.21634675,0.014319092
ln_DCM,DML (Lasso),0.0290491,0.081212674,0.720574038,-0.13012774,0.188225941,0.048755124
ln_DCM,DML (Ridge),0.061545513,0.081341332,0.449269935,-0.097883498,0.220974524,0.020552545
ln_GFCFM,DML (Lasso),0.102714477,0.115381612,0.373350286,-0.123433482,0.328862437,0.043468864
ln_GFCFM,DML (Ridge),-0.1423253,0.126836579,0.261813307,-0.390924995,0.106274396,0.026275423
ln_MFDI,DML (Lasso),0.000579616,0.120087214,0.996148923,-0.234791324,0.235950556,0.204819128
ln_MFDI,DML (Ridge),-0.033658717,0.124599264,0.787055811,-0.277873274,0.21055584,0.090430461
