"Target","Best_Method","Coefficient","Std_Error","P_value","Percentage_Change","Percentage_Change_Text","Effect_Direction","Significance_Stars","Significance_Level","Reliability","Interpretation","CI_Lower","CI_Upper","MSE","MAE","RMSE","CV_MSE","CV_MAE"
"ln_MIVA","DML (Random Forest)",0.352537020651465,0.209848645568065,0.0929653859718163,42.2672323029954,"+42.27% increase","Increase","*","10% level","Reliable","Manufacturing Value Added shows +42.27% increase (10% level)",-0.0587663246619418,0.763840365964871,0.00771201258096571,0.0596222723007941,0.087818065231282,0.00771201258096571,0.0596222723007941
"ln_DCM","DML (Random Forest)",-0.637904687832209,48.4302060384004,0.989490864760727,-47.1601575421323,"47.16% decrease","Decrease","ns","Not Significant","Unstable - EXCLUDE","Domestic Credit to Manufacturing shows 47.16% decrease but is UNRELIABLE (extremely unstable estimates - exclude from analysis)",-95.561108523097,94.2852991474326,0.0449619441269759,0.150206299557474,0.212042316830806,0.0449619441269759,0.150206299557474
"ln_GFCFM","DML (Random Forest)",-3.05020004337798,1.53334954744887,0.0466747339024076,-95.2650548500546,"95.27% decrease","Decrease","**","5% level","Reliable","Gross Fixed Capital Formation in Manufacturing shows 95.27% decrease (5% level)",-6.05556515637778,-0.0448349303781899,0.0947907388265998,0.200104259756206,0.307881046553048,0.0947907388265998,0.200104259756206
"ln_MFDI","DML (Random Forest)",0.598565111996999,0.636778752670293,0.347223131339386,81.9506138870389,"+81.95% increase","Increase","ns","Not Significant","Reliable","Manufacturing FDI shows +81.95% increase (Not Significant)",-0.649521243236775,1.84665146723077,0.0364107367583025,0.13468885052684,0.190815976161071,0.0364107367583025,0.13468885052684
