"Outcome","Comparison","Coef_Group1","Coef_Group2","Difference","SE_Difference","Z_Statistic","P_value","Significant"
"ln_MIVA","Late_vs_Early_Period",0.941238149821453,0.534909500096307,0.406328649725146,0.174020530045502,2.33494662738299,0.0195462091047072,"Yes"
"ln_DCM","Late_vs_Early_Period",0.774892951995508,0.717310880063999,0.0575820719315098,0.324839996167233,0.177262875910962,0.8593019096989,"No"
"ln_GFCFM","Late_vs_Early_Period",1.18254493279585,0.877742652140797,0.304802280655054,0.406426213444344,0.749957238417136,0.453280459393234,"No"
"ln_MFDI","Late_vs_Early_Period",2.09390182427606,1.42092379155201,0.672978032724057,0.548003612440214,1.22805400812477,0.219426694409726,"No"
